"temple_id","temple_name","team_id","team_name","centre_name","confirmed_coordinator_name"
"0cff3ef7-ad61-5047-a70e-68116df54620","Hare Krishna Mandir - Ahmedabad","36aa794d-65a4-5a4f-9713-b9d5685897be","Brajendra Nandana Dasa","Keshav BK",""
"f0d11e67-cdef-5462-9a93-36a410360717","Hare Krishna Movement - Mumbai","8df574f0-cab9-55b7-ac22-8d3b4cd51fb3","Ajitanand","Folk Powai",""
"f0d11e67-cdef-5462-9a93-36a410360717","Hare Krishna Movement - Mumbai","b39e3b87-cb44-50e5-ae9a-fe31364fc8b3","Akincana Vittaya","Folk Airoli",""
"f0d11e67-cdef-5462-9a93-36a410360717","Hare Krishna Movement - Mumbai","b860cdc0-1af5-5f55-bef1-98206285a03b","Akinchana Vittaya - 3","Folk Airoli",""
"f0d11e67-cdef-5462-9a93-36a410360717","Hare Krishna Movement - Mumbai","12a814ce-24a4-557e-a71a-c61ea60ef8bd","Akinchana Vittaya - 3","Folk Airoli",""
"f0d11e67-cdef-5462-9a93-36a410360717","Hare Krishna Movement - Mumbai","77b94435-203b-5d08-8c33-d0a51f9114b7","Akinchana Vittaya - 4","Folk Airoli",""
"f0d11e67-cdef-5462-9a93-36a410360717","Hare Krishna Movement - Mumbai","edbfadd4-a03b-541f-a87f-44f2a5e01517","Akinchana Vittaya 1","Folk Airoli",""
"f0d11e67-cdef-5462-9a93-36a410360717","Hare Krishna Movement - Mumbai","0e961d69-87e6-5e27-a6ce-630e33434fea","Akinchana Vittaya 2","Folk Airoli",""
"f0d11e67-cdef-5462-9a93-36a410360717","Hare Krishna Movement - Mumbai","9a29b714-43d0-5be3-82a3-b0397597a3bf","Akinchana vittaya 3","Folk Airoli",""
"f0d11e67-cdef-5462-9a93-36a410360717","Hare Krishna Movement - Mumbai","b54bb7fe-9d1f-5e0e-a1b1-d8aa5f4644d1","Aman Gupta","Folk Powai",""
"f0d11e67-cdef-5462-9a93-36a410360717","Hare Krishna Movement - Mumbai","55b1b05d-bead-5bde-b327-026cd3d38211","Arun Chauhan Eren","Folk Airoli",""
"f0d11e67-cdef-5462-9a93-36a410360717","Hare Krishna Movement - Mumbai","4447c9e1-d419-5bb8-b626-f04cf584c70c","Ashram","Others",""
"f0d11e67-cdef-5462-9a93-36a410360717","Hare Krishna Movement - Mumbai","08c8ee20-d317-5b6d-b1d0-40162cd0912c","Ashutosh chaturvedi","Folk Airoli",""
"f0d11e67-cdef-5462-9a93-36a410360717","Hare Krishna Movement - Mumbai","c0db67e2-adc9-5c64-809b-680ade3fa13f","Back To Godhead","Folk Thane",""
"f0d11e67-cdef-5462-9a93-36a410360717","Hare Krishna Movement - Mumbai","7e875c86-bd51-5414-a670-1b402396ad5a","Baldeva","Folk Airoli",""
"f0d11e67-cdef-5462-9a93-36a410360717","Hare Krishna Movement - Mumbai","b58088a4-c0de-561d-a552-db5e3c917936","Baldeva","Folk Airoli",""
"f0d11e67-cdef-5462-9a93-36a410360717","Hare Krishna Movement - Mumbai","8b284248-e980-5429-a9b2-8a58d4c29f27","Baldeva 1","Folk Airoli",""
"f0d11e67-cdef-5462-9a93-36a410360717","Hare Krishna Movement - Mumbai","40689edc-92f7-5b4d-adea-5d670222fb27","Baldeva 2","Folk Airoli",""
"f0d11e67-cdef-5462-9a93-36a410360717","Hare Krishna Movement - Mumbai","6a088667-b2fc-5289-bbdd-217e3fe6b976","Baldeva 3","Folk Airoli",""
"f0d11e67-cdef-5462-9a93-36a410360717","Hare Krishna Movement - Mumbai","40ace7d9-3b11-5540-a7e1-0ea58d37627a","Bash 01","Others",""
"f0d11e67-cdef-5462-9a93-36a410360717","Hare Krishna Movement - Mumbai","16df515f-7443-55b6-8658-51e6428da0d1","Bhaktidutas","Folk Powai",""
"f0d11e67-cdef-5462-9a93-36a410360717","Hare Krishna Movement - Mumbai","4c762bf6-8d57-5b2b-92c1-fc31e8612f1c","Bhaktivedant Brigadiers","Folk Powai",""
"f0d11e67-cdef-5462-9a93-36a410360717","Hare Krishna Movement - Mumbai","db858d6d-f7de-5b58-be59-0a0142c1b333","Bhaktivedanta Brigadiers","Folk Powai",""
"f0d11e67-cdef-5462-9a93-36a410360717","Hare Krishna Movement - Mumbai","b526452b-245e-5d73-a0d0-4b2037b2e8c3","Brhad Mrdanga","Folk Powai",""
"f0d11e67-cdef-5462-9a93-36a410360717","Hare Krishna Movement - Mumbai","10e7a0f8-db9b-526c-bffb-a4c854f1b6c5","CDT Powai","CDT Powai",""
"f0d11e67-cdef-5462-9a93-36a410360717","Hare Krishna Movement - Mumbai","51b9e1db-ebd4-5038-8d00-fe394607587b","Dāsānudāsa","Folk Powai",""
"f0d11e67-cdef-5462-9a93-36a410360717","Hare Krishna Movement - Mumbai","16726d1c-72ea-536b-9862-ae2ad55da3f4","Dāsānudāsa","Folk Powai",""
"f0d11e67-cdef-5462-9a93-36a410360717","Hare Krishna Movement - Mumbai","63bb1225-4909-5ada-94db-f6bb779867b7","Gaur Nitai","Folk Airoli",""
"f0d11e67-cdef-5462-9a93-36a410360717","Hare Krishna Movement - Mumbai","a94629dd-6969-5b03-8d4f-017c9826eb95","GAURA VAANI","Folk Powai",""
"f0d11e67-cdef-5462-9a93-36a410360717","Hare Krishna Movement - Mumbai","46085cd4-521a-5f44-a705-e5a77c1170fa","Gauranga","Folk Airoli",""
"f0d11e67-cdef-5462-9a93-36a410360717","Hare Krishna Movement - Mumbai","367bdaf3-b51d-5f0c-bb53-064d7fecb5a9","Govind Gita Daan","Folk Vashi",""
"f0d11e67-cdef-5462-9a93-36a410360717","Hare Krishna Movement - Mumbai","e9b2bfe0-df70-5c46-8d4b-ba4bb31735ae","Govinda","Folk Airoli",""
"f0d11e67-cdef-5462-9a93-36a410360717","Hare Krishna Movement - Mumbai","79cbdcff-4ffe-5281-b4c8-aba3630a8071","Historical Team 08137804","Folk Airoli",""
"f0d11e67-cdef-5462-9a93-36a410360717","Hare Krishna Movement - Mumbai","7b15362a-1fec-561a-aed5-11fb54a7c345","Historical Team 77080196","Folk Airoli",""
"f0d11e67-cdef-5462-9a93-36a410360717","Hare Krishna Movement - Mumbai","3d056fb6-a518-565d-b23c-3b8df3c46ef0","INDIVIDUAL PRABUPADA SERVANT","Folk Thane",""
"f0d11e67-cdef-5462-9a93-36a410360717","Hare Krishna Movement - Mumbai","4535e64d-bc14-5c0b-8110-38d575f6b652","Jaladuta Book Carriers","Folk Powai",""
"f0d11e67-cdef-5462-9a93-36a410360717","Hare Krishna Movement - Mumbai","42a45144-5ef3-5b2f-844c-391f48ced48a","Jay Sharma","Folk Thane",""
"f0d11e67-cdef-5462-9a93-36a410360717","Hare Krishna Movement - Mumbai","3cd6eaeb-e0a9-57fd-881b-c3f6f4da161e","Jwala Narasimha","Folk Airoli",""
"f0d11e67-cdef-5462-9a93-36a410360717","Hare Krishna Movement - Mumbai","ad1af739-34b2-5d45-8565-32bdd86a8858","Kalpataru","Folk Powai",""
"f0d11e67-cdef-5462-9a93-36a410360717","Hare Krishna Movement - Mumbai","7ccf2138-0ce9-5fe3-a671-ae87c1a13ba1","kishor chavhan","Folk Airoli",""
"f0d11e67-cdef-5462-9a93-36a410360717","Hare Krishna Movement - Mumbai","3beed1e1-0cb8-5061-a278-65f72acea78b","Krishnite","Folk Powai",""
"f0d11e67-cdef-5462-9a93-36a410360717","Hare Krishna Movement - Mumbai","051fef6d-7b47-51c6-827f-a7e86ddb03ff","Madanmohan","Folk Airoli",""
"f0d11e67-cdef-5462-9a93-36a410360717","Hare Krishna Movement - Mumbai","f9862cb6-8fad-5ad9-824a-d983755c5d2f","MadanMohan","Folk Airoli",""
"f0d11e67-cdef-5462-9a93-36a410360717","Hare Krishna Movement - Mumbai","ce0c225c-2a55-54d3-a74c-eb245f4a8d06","Nama-hatta","Folk Vashi",""
"f0d11e67-cdef-5462-9a93-36a410360717","Hare Krishna Movement - Mumbai","7522367e-3363-5e47-b11b-76b5c23d1a94","Narayana Prabhavshetra","Folk Thane",""
"f0d11e67-cdef-5462-9a93-36a410360717","Hare Krishna Movement - Mumbai","ef817b9e-bef8-51ee-a0ab-1b786bdcdde1","Neophytes","Folk Sion",""
"f0d11e67-cdef-5462-9a93-36a410360717","Hare Krishna Movement - Mumbai","337f0083-a93c-52a2-bc1b-bd3b2f0076ec","Nimai Nitai","Folk Airoli",""
"f0d11e67-cdef-5462-9a93-36a410360717","Hare Krishna Movement - Mumbai","85861357-9e68-5a7f-b14f-7fb14cc4e20a","Nitai gauranga","Folk Airoli",""
"f0d11e67-cdef-5462-9a93-36a410360717","Hare Krishna Movement - Mumbai","2c368bb6-8ec2-5ec8-b398-d116364d3554","Nitai Gauranga","Folk Airoli",""
"f0d11e67-cdef-5462-9a93-36a410360717","Hare Krishna Movement - Mumbai","3a0cc103-224d-5b7c-8177-13554e02a575","NItai gauranga","Folk Airoli",""
"f0d11e67-cdef-5462-9a93-36a410360717","Hare Krishna Movement - Mumbai","ed4beee4-2a00-5827-9298-02c638194bb1","Padmā Vākya","Folk Powai",""
"f0d11e67-cdef-5462-9a93-36a410360717","Hare Krishna Movement - Mumbai","d6554eac-524e-5fc5-a9c8-5495ea04a9e8","Padmanabh","Folk Powai",""
"f0d11e67-cdef-5462-9a93-36a410360717","Hare Krishna Movement - Mumbai","ae94583c-7a24-5da2-bbec-a4ed169f10a6","Patit Pawan Sankirtan Party","Folk Vashi",""
"f0d11e67-cdef-5462-9a93-36a410360717","Hare Krishna Movement - Mumbai","162e72ad-df44-5b1b-a7f7-c7f5a2fc0fa6","Prabhupad Army","Folk Thane",""
"f0d11e67-cdef-5462-9a93-36a410360717","Hare Krishna Movement - Mumbai","2192a49b-8cfc-5061-8c61-033e8e03e0a5","Prabhupad sena","Folk Thane",""
"f0d11e67-cdef-5462-9a93-36a410360717","Hare Krishna Movement - Mumbai","837c847a-437b-5339-b230-43ce86914e87","Prabhupada Army","Folk Thane",""
"f0d11e67-cdef-5462-9a93-36a410360717","Hare Krishna Movement - Mumbai","e76a1092-7436-576d-8c66-377fabc5c0be","Prabhupada warriors","Folk Thane",""
"f0d11e67-cdef-5462-9a93-36a410360717","Hare Krishna Movement - Mumbai","f78c9247-928d-5daa-8b76-7b2ce629d79a","Prabhupada's Dasa","Folk Powai",""
"f0d11e67-cdef-5462-9a93-36a410360717","Hare Krishna Movement - Mumbai","486ada33-6dbf-5452-88f8-6189950de430","Prabhupadanugas (FOLK SION)","Folk Sion",""
"f0d11e67-cdef-5462-9a93-36a410360717","Hare Krishna Movement - Mumbai","0eefba66-8bdb-5f17-8d08-00193d9922d5","Prahlada Maharaj","Folk Sion",""
"f0d11e67-cdef-5462-9a93-36a410360717","Hare Krishna Movement - Mumbai","a936e153-8f89-5d3c-9dbe-994f228853d3","Prasad Patil","Folk Dadar",""
"f0d11e67-cdef-5462-9a93-36a410360717","Hare Krishna Movement - Mumbai","8da96b51-9376-575e-bd5d-e5c6fff6c279","Prem Bhakti Prachar","Folk Vashi",""
"f0d11e67-cdef-5462-9a93-36a410360717","Hare Krishna Movement - Mumbai","735f86f8-6e08-5f1c-a522-080c01b8d97d","Radha Damodara Sankirtan Party","Folk Vashi",""
"f0d11e67-cdef-5462-9a93-36a410360717","Hare Krishna Movement - Mumbai","fb146208-bf7f-5c25-945d-e69b38cae73f","Rādhā Mādhav","Folk Powai",""
"f0d11e67-cdef-5462-9a93-36a410360717","Hare Krishna Movement - Mumbai","d06fcae0-10f5-5fab-9898-8db1cefb2c60","Rādha Rāsbihari","Folk Powai",""
"f0d11e67-cdef-5462-9a93-36a410360717","Hare Krishna Movement - Mumbai","7cc6a21d-a7da-59ad-8827-ddb4ed7526c9","Rupanugas","Folk Airoli",""
"f0d11e67-cdef-5462-9a93-36a410360717","Hare Krishna Movement - Mumbai","ad1edc5f-e9e1-531c-b7a5-77fcdb958122","Sandesh Darekar","Folk Thane",""
"f0d11e67-cdef-5462-9a93-36a410360717","Hare Krishna Movement - Mumbai","223bb8e9-fbad-5859-b06c-214669672ea7","Saving Civilization","Folk Airoli",""
"f0d11e67-cdef-5462-9a93-36a410360717","Hare Krishna Movement - Mumbai","0f34e3be-12c8-57fd-819f-c6189c73b74b","Servants of Prabhupada","Folk Powai",""
"f0d11e67-cdef-5462-9a93-36a410360717","Hare Krishna Movement - Mumbai","888f165e-1c28-5e65-b1fc-578d7f814d33","Servants of Prabhupada","Folk Powai",""
"f0d11e67-cdef-5462-9a93-36a410360717","Hare Krishna Movement - Mumbai","29a90eb2-f031-5ede-8b2f-891258997923","Servants of Rupanugas","Folk Powai",""
"f0d11e67-cdef-5462-9a93-36a410360717","Hare Krishna Movement - Mumbai","d544d5e1-e586-589d-aac5-796bf174112e","Servants of Srimati Radharani","Folk Powai",""
"f0d11e67-cdef-5462-9a93-36a410360717","Hare Krishna Movement - Mumbai","6683a0a3-885c-5920-ab15-b15bab3cf07e","Shree Radha Krishnachandra","Folk Powai",""
"f0d11e67-cdef-5462-9a93-36a410360717","Hare Krishna Movement - Mumbai","2ababa94-fb93-5b9f-8f2d-7885c5967696","Shri Shri Nitai Gauranga","Folk Airoli",""
"f0d11e67-cdef-5462-9a93-36a410360717","Hare Krishna Movement - Mumbai","9851525d-48e3-5320-9926-d66fbcf94cec","Shyam Chouhan","Folk Dadar",""
"f0d11e67-cdef-5462-9a93-36a410360717","Hare Krishna Movement - Mumbai","de2c6cae-88ee-529e-b6d5-08ca5b3f7392","Sri Bhagwan Uvacha","Folk Powai",""
"f0d11e67-cdef-5462-9a93-36a410360717","Hare Krishna Movement - Mumbai","2b86ae78-1d15-59dd-a72f-c597036a317d","Sri Krishna Chaitanya","Folk Thane",""
"f0d11e67-cdef-5462-9a93-36a410360717","Hare Krishna Movement - Mumbai","d2e49a9f-eb89-5dde-9f04-4128fb79c238","Sri radha rani","Folk Thane",""
"f0d11e67-cdef-5462-9a93-36a410360717","Hare Krishna Movement - Mumbai","9ad9d068-6f83-5e74-931a-073b483aebff","Sri Sri Nitai Gauranga","Folk Airoli",""
"f0d11e67-cdef-5462-9a93-36a410360717","Hare Krishna Movement - Mumbai","cc11b518-2863-5a2b-8688-73de0698b60d","Sri Sri Radha Govinda","Folk Powai",""
"f0d11e67-cdef-5462-9a93-36a410360717","Hare Krishna Movement - Mumbai","683d98d2-3723-5f27-a853-ac20ff82d35f","Sri Vrindavaneshwari","Folk Thane",""
"f0d11e67-cdef-5462-9a93-36a410360717","Hare Krishna Movement - Mumbai","b9c876d9-1bfe-5f1d-9342-f8362f928a12","Srila prabhupada Warriors","Folk Airoli",""
"f0d11e67-cdef-5462-9a93-36a410360717","Hare Krishna Movement - Mumbai","45d4b7d5-50ad-567e-b9d4-25c8db6d3e1a","Team Narasimha","Folk Airoli",""
"f0d11e67-cdef-5462-9a93-36a410360717","Hare Krishna Movement - Mumbai","ba73701b-3339-5edf-9636-ac1e80f92d54","Team Narasimha","Folk Airoli",""
"f0d11e67-cdef-5462-9a93-36a410360717","Hare Krishna Movement - Mumbai","eb5f4b4c-ff5b-5108-bf09-d33a75c797bc","Team Prahladas","Folk Powai",""
"f0d11e67-cdef-5462-9a93-36a410360717","Hare Krishna Movement - Mumbai","7c596a1c-7735-58a4-8353-cb5fa5158fcf","Team Sankarshan","Folk Airoli",""
"f0d11e67-cdef-5462-9a93-36a410360717","Hare Krishna Movement - Mumbai","0dce814a-3dad-5b26-9b9b-464312108b93","Ugra Narsimha","Folk Thane",""
"f0d11e67-cdef-5462-9a93-36a410360717","Hare Krishna Movement - Mumbai","f6474918-9e15-5dbb-98a1-b64ff2c32b23","Ugranarsimha","Folk Thane",""
"f0d11e67-cdef-5462-9a93-36a410360717","Hare Krishna Movement - Mumbai","81e9f279-1b2d-54ab-976f-7bb484948e5e","Ugranarsimha","Folk Thane",""
"f0d11e67-cdef-5462-9a93-36a410360717","Hare Krishna Movement - Mumbai","db6ed785-8c49-58c8-8251-6314a911dd62","Vānarsenā 🚩🚩🚩","Folk Powai",""
"f0d11e67-cdef-5462-9a93-36a410360717","Hare Krishna Movement - Mumbai","567ef792-2872-522e-9e71-4993f451b216","Vasudev","Folk Thane",""
"f0d11e67-cdef-5462-9a93-36a410360717","Hare Krishna Movement - Mumbai","0d640059-c0a0-53e5-9242-af24455bfdd6","Vishnu Sahasranamam","Folk Thane",""
"f0d11e67-cdef-5462-9a93-36a410360717","Hare Krishna Movement - Mumbai","74fcb41f-9f19-53c5-9b26-de039a69fbb7","Wings Of Garuda","Folk Powai",""
"f0d11e67-cdef-5462-9a93-36a410360717","Hare Krishna Movement - Mumbai","16d1269c-4cb8-53cd-bdf4-e03677aab2cf","Yogeshwara","Folk Powai",""
"36e9f29f-435e-50e4-9eab-f2d703a7df01","Sri Radha Damodara Mandir","eba1210b-bbdf-5dde-b38e-02534ef99fe5","Panduranga Gopala Dasa","IHF Boston",""
